old_symbol,new_symbol,effective_date,source
SSLT,VEDL,2015-05-07,symbolchange.csv
PFRL,ABFRL,2016-01-29,symbolchange.csv
MAX,MFSL,2016-02-26,symbolchange.csv
PIPAVAVDOC,RDEL,2016-03-18,symbolchange.csv
SKSMICRO,BHARATFIN,2016-07-01,symbolchange.csv
CROMPGREAV,CGPOWER,2017-03-08,symbolchange.csv
RDEL,RNAVAL,2017-09-18,symbolchange.csv
IDFCBANK,IDFCFIRSTB,2019-01-16,symbolchange.csv
KPIT,BSOFT,2019-02-26,symbolchange.csv
RNAM,NAM-INDIA,2020-01-23,symbolchange.csv
TATAGLOBAL,TATACONSUM,2020-02-27,symbolchange.csv
NIITTECH,COFORGE,2020-08-20,symbolchange.csv
INFRATEL,INDUSTOWER,2020-12-18,symbolchange.csv
ADANIGAS,ATGL,2021-01-13,symbolchange.csv
MAGMA,POONAWALLA,2021-08-05,symbolchange.csv
ANGELBRKG,ANGELONE,2021-11-11,symbolchange.csv
CADILAHC,ZYDUSLIFE,2022-03-07,symbolchange.csv
MOTHERSUMI,MOTHERSON,2022-06-09,symbolchange.csv
MINDAIND,UNOMINDA,2022-08-05,symbolchange.csv
LTI,LTIM,2022-12-05,symbolchange.csv
SRTRANSFIN,SHRIRAMFIN,2022-12-20,symbolchange.csv
IIFLWAM,360ONE,2023-01-23,symbolchange.csv
PVR,PVRINOX,2023-05-12,symbolchange.csv
TWL,TITAGARH,2023-06-19,symbolchange.csv
ADANITRANS,ADANIENSOL,2023-08-24,symbolchange.csv
AMARAJABAT,ARE&M,2023-10-27,symbolchange.csv
L&TFH,LTF,2024-04-23,symbolchange.csv
MCDOWELL-N,UNITDSPR,2024-06-07,symbolchange.csv
IBREALEST,EMBDL,2024-07-08,symbolchange.csv
IBULHSGFIN,SAMMAANCAP,2024-07-26,symbolchange.csv
CENTURYTEX,ABREL,2024-10-10,symbolchange.csv
GET&D,GVT&D,2024-11-05,symbolchange.csv
GMRINFRA,GMRAIRPORT,2024-12-11,symbolchange.csv
ZOMATO,ETERNAL,2025-04-09,symbolchange.csv
TATAMOTORS,TMPV,2025-10-24,symbolchange.csv
INFIBEAM,CCAVENUE,2026-02-03,symbolchange.csv
LTIM,LTM,2026-02-27,symbolchange.csv
GUJGASLTD,GUJENERGY,2026-07-01,symbolchange.csv
