date,description,source,source_ref,verified,superseded
2015-01-26,holiday (library list),jugaad-data 0.35.9,jugaad_data/holidays.py,library,
2015-02-17,holiday (library list),jugaad-data 0.35.9,jugaad_data/holidays.py,library,
2015-03-06,holiday (library list),jugaad-data 0.35.9,jugaad_data/holidays.py,library,
2015-04-02,holiday (library list),jugaad-data 0.35.9,jugaad_data/holidays.py,library,
2015-04-03,holiday (library list),jugaad-data 0.35.9,jugaad_data/holidays.py,library,
2015-04-14,holiday (library list),jugaad-data 0.35.9,jugaad_data/holidays.py,library,
2015-05-01,holiday (library list),jugaad-data 0.35.9,jugaad_data/holidays.py,library,
2015-09-17,holiday (library list),jugaad-data 0.35.9,jugaad_data/holidays.py,library,
2015-09-25,holiday (library list),jugaad-data 0.35.9,jugaad_data/holidays.py,library,
2015-10-02,holiday (library list),jugaad-data 0.35.9,jugaad_data/holidays.py,library,
2015-10-22,holiday (library list),jugaad-data 0.35.9,jugaad_data/holidays.py,library,
2015-11-12,holiday (library list),jugaad-data 0.35.9,jugaad_data/holidays.py,library,
2015-11-25,holiday (library list),jugaad-data 0.35.9,jugaad_data/holidays.py,library,
2015-12-25,holiday (library list),jugaad-data 0.35.9,jugaad_data/holidays.py,library,
2016-01-26,holiday (library list),jugaad-data 0.35.9,jugaad_data/holidays.py,library,
2016-03-07,holiday (library list),jugaad-data 0.35.9,jugaad_data/holidays.py,library,
2016-03-24,holiday (library list),jugaad-data 0.35.9,jugaad_data/holidays.py,library,
2016-03-25,holiday (library list),jugaad-data 0.35.9,jugaad_data/holidays.py,library,
2016-04-14,holiday (library list),jugaad-data 0.35.9,jugaad_data/holidays.py,library,
2016-04-15,holiday (library list),jugaad-data 0.35.9,jugaad_data/holidays.py,library,
2016-04-19,holiday (library list),jugaad-data 0.35.9,jugaad_data/holidays.py,library,
2016-07-06,holiday (library list),jugaad-data 0.35.9,jugaad_data/holidays.py,library,
2016-08-15,holiday (library list),jugaad-data 0.35.9,jugaad_data/holidays.py,library,
2016-09-05,holiday (library list),jugaad-data 0.35.9,jugaad_data/holidays.py,library,
2016-09-13,holiday (library list),jugaad-data 0.35.9,jugaad_data/holidays.py,library,
2016-10-11,holiday (library list),jugaad-data 0.35.9,jugaad_data/holidays.py,library,
2016-10-12,holiday (library list),jugaad-data 0.35.9,jugaad_data/holidays.py,library,
2016-10-31,holiday (library list),jugaad-data 0.35.9,jugaad_data/holidays.py,library,
2016-11-14,holiday (library list),jugaad-data 0.35.9,jugaad_data/holidays.py,library,
2017-01-26,Republic Day,NSE circular,NSE/CMTR/33746,circular,
2017-02-24,Mahashivratri,NSE circular,NSE/CMTR/33746,circular,
2017-03-13,Holi,NSE circular,NSE/CMTR/33746,circular,
2017-04-04,Ram Navami,NSE circular,NSE/CMTR/33746,circular,
2017-04-14,Good Friday,NSE circular,NSE/CMTR/33746,circular,
2017-05-01,Maharashtra Day,NSE circular,NSE/CMTR/33746,circular,
2017-06-26,Id-Ul-Fitr (Ramzan ID),NSE circular,NSE/CMTR/33746,circular,
2017-08-15,Independence Day,NSE circular,NSE/CMTR/33746,circular,
2017-08-25,Ganesh Chaturthi,NSE circular,NSE/CMTR/33746,circular,
2017-10-02,Mahatama Gandhi Jayanti,NSE circular,NSE/CMTR/33746,circular,
2017-10-19,Diwali-Laxmi Pujan*,NSE circular,NSE/CMTR/33746,circular,
2017-10-20,Diwali-Balipratipada,NSE circular,NSE/CMTR/33746,circular,
2017-12-25,Christmas,NSE circular,NSE/CMTR/33746,circular,
2018-01-26,Republic Day,NSE circular,NSE/CMTR/36475,circular,
2018-02-13,Mahashivratri,NSE circular,NSE/CMTR/36475,circular,
2018-03-02,Holi,NSE circular,NSE/CMTR/36475,circular,
2018-03-29,Mahavir Jayanti,NSE circular,NSE/CMTR/36475,circular,
2018-03-30,Good Friday,NSE circular,NSE/CMTR/36475,circular,
2018-05-01,Maharashtra Day,NSE circular,NSE/CMTR/36475,circular,
2018-08-15,Independence Day,NSE circular,NSE/CMTR/36475,circular,
2018-08-22,Bakri ID,NSE circular,NSE/CMTR/36475,circular,
2018-09-13,Ganesh Chaturthi,NSE circular,NSE/CMTR/36475,circular,
2018-09-20,Moharram,NSE circular,NSE/CMTR/36475,circular,
2018-10-02,Mahatama Gandhi Jayanti,NSE circular,NSE/CMTR/36475,circular,
2018-10-18,Dasera,NSE circular,NSE/CMTR/36475,circular,
2018-11-07,Diwali-Laxmi Pujan*,NSE circular,NSE/CMTR/36475,circular,
2018-11-08,Diwali-Balipratipada,NSE circular,NSE/CMTR/36475,circular,
2018-11-23,Gurunanak Jayanti,NSE circular,NSE/CMTR/36475,circular,
2018-12-25,Christmas,NSE circular,NSE/CMTR/36475,circular,
2019-03-04,Mahashivratri,NSE circular,NSE/CMTR/39612,circular,
2019-03-21,Holi,NSE circular,NSE/CMTR/39612,circular,
2019-04-17,Mahavir Jayanti,NSE circular,NSE/CMTR/39612,circular,
2019-04-19,Good Friday,NSE circular,NSE/CMTR/39612,circular,
2019-04-29,Lok Sabha polls in Mumbai,news,news; circular number not found,news,
2019-05-01,Maharashtra Day,NSE circular,NSE/CMTR/39612,circular,
2019-06-05,Id-Ul-Fitr (Ramzan ID),NSE circular,NSE/CMTR/39612,circular,
2019-08-12,Bakri Id,NSE circular,NSE/CMTR/39612,circular,
2019-08-15,Independence Day,NSE circular,NSE/CMTR/39612,circular,
2019-09-02,Ganesh Chaturthi,NSE circular,NSE/CMTR/39612,circular,
2019-09-10,Moharram,NSE circular,NSE/CMTR/39612,circular,
2019-10-02,Mahatma Gandhi Jayanti,NSE circular,NSE/CMTR/39612,circular,
2019-10-08,Dasera,NSE circular,NSE/CMTR/39612,circular,
2019-10-21,Maharashtra assembly polls,news,news; circular number not found,news,
2019-10-28,Diwali-Balipratipada,NSE circular,NSE/CMTR/39612,circular,
2019-11-12,Gurunanak Jayanti,NSE circular,NSE/CMTR/39612,circular,
2019-12-25,Christmas,NSE circular,NSE/CMTR/39612,circular,
2020-02-21,Mahashivratri,NSE circular,NSE/CMTR/42877,circular,
2020-03-10,Holi,NSE circular,NSE/CMTR/42877,circular,
2020-04-02,Ram Navami,NSE circular,NSE/CMTR/42877,circular,
2020-04-06,Mahavir Jayanti,NSE circular,NSE/CMTR/42877,circular,
2020-04-10,Good Friday,NSE circular,NSE/CMTR/42877,circular,
2020-04-14,Dr.Baba Saheb Ambedkar Jayanti,NSE circular,NSE/CMTR/42877,circular,
2020-05-01,Maharashtra Day,NSE circular,NSE/CMTR/42877,circular,
2020-05-25,Id-Ul-Fitr (Ramzan ID),NSE circular,NSE/CMTR/42877,circular,
2020-10-02,Mahatma Gandhi Jayanti,NSE circular,NSE/CMTR/42877,circular,
2020-11-16,Diwali-Balipratipada,NSE circular,NSE/CMTR/42877,circular,
2020-11-30,Gurunanak Jayanti,NSE circular,NSE/CMTR/42877,circular,
2020-12-25,Christmas,NSE circular,NSE/CMTR/42877,circular,
2021-01-26,Republic Day,NSE circular,NSE/CMTR/46623,circular,
2021-03-11,Mahashivratri,NSE circular,NSE/CMTR/46623,circular,
2021-03-29,Holi,NSE circular,NSE/CMTR/46623,circular,
2021-04-02,Good Friday,NSE circular,NSE/CMTR/46623,circular,
2021-04-14,Dr.Baba Saheb Ambedkar Jayanti,NSE circular,NSE/CMTR/46623,circular,
2021-04-21,Ram Navami,NSE circular,NSE/CMTR/46623,circular,
2021-05-13,Id-Ul-Fitr (Ramzan ID),NSE circular,NSE/CMTR/46623,circular,
2021-07-21,Bakri Id,NSE circular,NSE/CMTR/46623,circular,
2021-08-19,Moharram,NSE circular,NSE/CMTR/46623,circular,
2021-09-10,Ganesh Chaturthi,NSE circular,NSE/CMTR/46623,circular,
2021-10-15,Dussehra,NSE circular,NSE/CMTR/46623,circular,
2021-11-04,Diwali-Laxmi Pujan*,NSE circular,NSE/CMTR/46623,circular,
2021-11-05,Diwali-Balipratipada,NSE circular,NSE/CMTR/46623,circular,
2021-11-19,Gurunanak Jayanti,NSE circular,NSE/CMTR/46623,circular,
2022-01-26,Republic Day,NSE circular,NSE/CMTR/50560,circular,
2022-03-01,Mahashivratri,NSE circular,NSE/CMTR/50560,circular,
2022-03-18,Holi,NSE circular,NSE/CMTR/50560,circular,
2022-04-14,(see circular),NSE circular,NSE/CMTR/50560,circular,
2022-04-15,Good Friday,NSE circular,NSE/CMTR/50560,circular,
2022-05-03,Id-Ul-Fitr (Ramzan ID),NSE circular,NSE/CMTR/50560,circular,
2022-08-09,Moharram,NSE circular,NSE/CMTR/50560,circular,
2022-08-15,Independence Day,NSE circular,NSE/CMTR/50560,circular,
2022-08-31,Ganesh Chaturthi,NSE circular,NSE/CMTR/50560,circular,
2022-10-05,Dussehra,NSE circular,NSE/CMTR/50560,circular,
2022-10-24,Diwali-Laxmi Pujan*,NSE circular,NSE/CMTR/50560,circular,
2022-10-26,Diwali-Balipratipada,NSE circular,NSE/CMTR/50560,circular,
2022-11-08,Gurunanak Jayanti,NSE circular,NSE/CMTR/50560,circular,
2023-01-26,Republic Day,NSE circular,NSE/CMTR/54757,circular,
2023-03-07,Holi,NSE circular,NSE/CMTR/54757,circular,
2023-03-30,Ram Navami,NSE circular,NSE/CMTR/54757,circular,
2023-04-04,Mahavir Jayanti,NSE circular,NSE/CMTR/54757,circular,
2023-04-07,Good Friday,NSE circular,NSE/CMTR/54757,circular,
2023-04-14,Dr. Baba Saheb Ambedkar Jayanti,NSE circular,NSE/CMTR/54757,circular,
2023-05-01,Maharashtra Day,NSE circular,NSE/CMTR/54757,circular,
2023-06-28,Bakri Id (moved to 2023-06-29: news; circular number not found),NSE circular,NSE/CMTR/54757,circular,yes
2023-06-29,Bakri Id moved from 2023-06-28 (announced 2023-06-27),news,news; circular number not found,news,
2023-08-15,Independence Day,NSE circular,NSE/CMTR/54757,circular,
2023-09-19,Ganesh Chaturthi,NSE circular,NSE/CMTR/54757,circular,
2023-10-02,Mahatma Gandhi Jayanti,NSE circular,NSE/CMTR/54757,circular,
2023-10-24,Dussehra,NSE circular,NSE/CMTR/54757,circular,
2023-11-14,Diwali-Balipratipada,NSE circular,NSE/CMTR/54757,circular,
2023-11-27,Gurunanak Jayanti,NSE circular,NSE/CMTR/54757,circular,
2023-12-25,Christmas,NSE circular,NSE/CMTR/54757,circular,
2024-01-22,"Ram Mandir consecration, public holiday announced 2024-01-19",news,news; circular not found,news,
2024-01-26,Republic Day,NSE circular,NSE/CMTR/59722,circular,
2024-03-08,Mahashivratri,NSE circular,NSE/CMTR/59722,circular,
2024-03-25,Holi,NSE circular,NSE/CMTR/59722,circular,
2024-03-29,Good Friday,NSE circular,NSE/CMTR/59722,circular,
2024-04-11,Id-Ul-Fitr (Ramadan Eid),NSE circular,NSE/CMTR/59722,circular,
2024-04-17,Shri Ram Navmi,NSE circular,NSE/CMTR/59722,circular,
2024-05-01,Maharashtra Day,NSE circular,NSE/CMTR/59722,circular,
2024-05-20,Parliamentary elections in Mumbai,NSE circular,NSE/CMTR/61518,circular,
2024-06-17,Bakri Id,NSE circular,NSE/CMTR/59722,circular,
2024-07-17,Moharram,NSE circular,NSE/CMTR/59722,circular,
2024-08-15,Independence Day/Parsi New Year,NSE circular,NSE/CMTR/59722,circular,
2024-10-02,Mahatma Gandhi Jayanti,NSE circular,NSE/CMTR/59722,circular,
2024-11-01,Diwali Laxmi Pujan*,NSE circular,NSE/CMTR/59722,circular,
2024-11-15,Gurunanak Jayanti,NSE circular,NSE/CMTR/59722,circular,
2024-11-20,Maharashtra assembly polls,news,news; circular number not found,news,
2024-12-25,Christmas,NSE circular,NSE/CMTR/59722,circular,
2025-02-26,Mahashivratri,NSE circular,NSE/CMTR/65587,circular,
2025-03-14,Holi,NSE circular,NSE/CMTR/65587,circular,
2025-03-31,Id-Ul-Fitr (Ramadan Eid),NSE circular,NSE/CMTR/65587,circular,
2025-04-10,Shri Mahavir Jayanti,NSE circular,NSE/CMTR/65587,circular,
2025-04-14,Dr. Baba Saheb Ambedkar Jayanti,NSE circular,NSE/CMTR/65587,circular,
2025-04-18,Good Friday,NSE circular,NSE/CMTR/65587,circular,
2025-05-01,Maharashtra Day,NSE circular,NSE/CMTR/65587,circular,
2025-08-15,Independence Day,NSE circular,NSE/CMTR/65587,circular,
2025-08-27,Ganesh Chaturthi,NSE circular,NSE/CMTR/65587,circular,
2025-10-02,Mahatma Gandhi Jayanti/Dussehra,NSE circular,NSE/CMTR/65587,circular,
2025-10-21,Diwali Laxmi Pujan*,NSE circular,NSE/CMTR/65587,circular,
2025-10-22,Diwali-Balipratipada,NSE circular,NSE/CMTR/65587,circular,
2025-11-05,Prakash Gurpurb Sri Guru Nanak Dev,NSE circular,NSE/CMTR/65587,circular,
2025-12-25,Christmas,NSE circular,NSE/CMTR/65587,circular,
2026-01-15,Maharashtra municipal elections (cash segment closed),news,news; circular number not found,news,
2026-01-26,Republic Day,NSE circular,NSE/CMTR/71775,circular,
2026-03-03,Holi,NSE circular,NSE/CMTR/71775,circular,
2026-03-26,Shri Ram Navami,NSE circular,NSE/CMTR/71775,circular,
2026-03-31,Shri Mahavir Jayanti,NSE circular,NSE/CMTR/71775,circular,
2026-04-03,Good Friday,NSE circular,NSE/CMTR/71775,circular,
2026-04-14,Dr. Baba Saheb Ambedkar Jayanti,NSE circular,NSE/CMTR/71775,circular,
2026-05-01,Maharashtra Day,NSE circular,NSE/CMTR/71775,circular,
2026-05-28,Bakri Id,NSE circular,NSE/CMTR/71775,circular,
2026-06-26,Muharram,NSE circular,NSE/CMTR/71775,circular,
2026-09-14,Ganesh Chaturthi,NSE circular,NSE/CMTR/71775,circular,
2026-10-02,Mahatma Gandhi Jayanti,NSE circular,NSE/CMTR/71775,circular,
2026-10-20,Dussehra,NSE circular,NSE/CMTR/71775,circular,
2026-11-10,Diwali-Balipratipada,NSE circular,NSE/CMTR/71775,circular,
2026-11-24,Prakash Gurpurb Sri Guru Nanak Dev,NSE circular,NSE/CMTR/71775,circular,
2026-12-25,Christmas,NSE circular,NSE/CMTR/71775,circular,
